num,x,y
1,37.496486,127.019114
2,37.507139,123.003253
